Brand 1,audi,bmw,cadillac,honda,hyundai,infiniti,mercedes,toyota,volkswagen
acura,1.2024482493680801,0.8607286738747001,1.309017825535851,4.332125283597041,0.4460620525059666,4.149414441915969,1.4780754402564575,1.0813625515296161,
audi,,1.6826375475279909,1.594737586224858,0.6220071808459575,0.48444790046656305,2.02792144381352,3.2105422989500036,0.6039869927894811,1.5502332814930018
bmw,,,1.1881012787549592,0.25546622146068565,0.5173190984578886,1.4780545670225385,2.9036338239732715,0.3839102771487113,0.5912218268090155
cadillac,,,,0.4416090731880205,0.8942583732057418,2.2183153443863355,2.82211715410096,1.5484993475424096,2.384688995215311
honda,,,,,3.0765432098765433,0.7154751650875683,0.7281759076630872,7.191919191919192,
hyundai,,,,,,0.7244186046511628,0.7372781065088759,3.2363636363636368,
infiniti,,,,,,,3.0862804458511084,0.7526427061310782,
mercedes,,,,,,,,0.7660032275416891,2.9491124260355037
