Brand 1,audi,bmw,honda,infiniti
acura,0.018499203836432002,0.042330918387280335,0.07342585226435663,0.06915690736526614
audi,,0.018389481393748533,,
