Brand 1,acura,audi,bmw,honda,infiniti
acura,,,0.02822061225818689,0.07342585226435663,0.06915690736526614
audi,,,0.018389481393748533,,
bmw,0.02822061225818689,0.018389481393748533,,,
honda,0.07342585226435663,,,,
infiniti,0.06915690736526614,,,,
