Brand 1,Brand 2,Lift
audi,bmw,0.018389481393748533
acura,bmw,0.042330918387280335
acura,audi,0.018499203836432002
acura,infiniti,0.06915690736526614
acura,honda,0.07342585226435663
