Brand 1,Brand 2,Lift
acura,audi,0.018499203836432002
acura,bmw,0.042330918387280335
acura,infiniti,0.06915690736526614
acura,honda,0.07342585226435663
audi,acura,0.018499203836432002
audi,bmw,0.018389481393748533
bmw,acura,0.042330918387280335
bmw,audi,0.018389481393748533
infiniti,acura,0.06915690736526614
honda,acura,0.07342585226435663
